resid,resname,rmsf
1,UNK,1.0375162
2,UNK,0.9030544
3,UNK,0.76879257
4,UNK,0.6494437
5,UNK,0.53236836
6,UNK,0.46566695
7,UNK,0.4266345
8,UNK,0.47642702
9,UNK,0.52300143
10,UNK,0.57228595
11,UNK,0.53940314
12,UNK,0.52028275
13,UNK,0.58201
14,UNK,0.64374566
15,UNK,0.6492582
16,UNK,0.690637
17,UNK,0.73401976
18,UNK,0.83753717
19,UNK,0.91417086
20,UNK,0.913106
21,UNK,0.9762088
22,UNK,0.9930619
23,UNK,0.99390835
24,UNK,1.1161275
25,UNK,1.1626179
26,UNK,1.1754198
27,UNK,1.1828855
28,UNK,1.0726209
29,UNK,1.0192221
30,UNK,1.0596278
31,UNK,1.0732806
32,UNK,1.0784649
33,UNK,1.144703
34,UNK,1.2769121
35,UNK,1.2761986
36,UNK,1.2878871
37,UNK,1.2497159
38,UNK,1.1929507
39,UNK,1.0865173
40,UNK,1.0459408
41,UNK,1.0281668
42,UNK,1.0041062
43,UNK,1.0770022
44,UNK,1.1059086
45,UNK,1.0632498
46,UNK,1.1719944
47,UNK,1.2266856
48,UNK,1.3606371
49,UNK,1.3264079
50,UNK,1.2657477
51,UNK,1.1161915
52,UNK,1.1599886
53,UNK,1.186486
54,UNK,1.1260954
55,UNK,1.0534894
56,UNK,1.1175536
57,UNK,1.2092738
58,UNK,1.2199166
59,UNK,1.2180455
60,UNK,1.2780423
61,UNK,1.343487
62,UNK,1.3377974
63,UNK,1.3620768
64,UNK,1.340927
65,UNK,1.3515959
66,UNK,1.3863913
67,UNK,1.3848774
68,UNK,1.3317888
69,UNK,1.3149554
70,UNK,1.2990267
71,UNK,1.2278509
72,UNK,1.2107214
73,UNK,1.219297
74,UNK,1.187284
75,UNK,1.150722
76,UNK,1.1772633
77,UNK,1.1546845
78,UNK,1.0922923
79,UNK,1.0894593
80,UNK,1.0831081
81,UNK,1.0506498
82,UNK,0.89930356
83,UNK,0.87505907
84,UNK,0.8588515
85,UNK,0.77080476
86,UNK,0.82082236
87,UNK,0.93627965
88,UNK,0.92641306
89,UNK,0.9009115
90,UNK,0.7918979
91,UNK,0.678198
92,UNK,0.55541456
93,UNK,0.5824181
94,UNK,0.64742666
95,UNK,0.7670365
96,UNK,0.83616585
97,UNK,0.96203303
98,UNK,1.0955899
99,UNK,1.1587774
100,UNK,1.0383635
101,UNK,1.03881
102,UNK,1.1079473
103,UNK,1.1442472
104,UNK,1.1075009
105,UNK,1.0783944
106,UNK,0.9457732
107,UNK,0.88533634
108,UNK,0.7721898
109,UNK,0.7755559
110,UNK,0.7630724
111,UNK,0.65978515
112,UNK,0.5282145
113,UNK,0.5087702
114,UNK,0.5282554
115,UNK,0.5455997
116,UNK,0.6753791
117,UNK,0.68797356
118,UNK,0.79451996
119,UNK,0.88064635
120,UNK,0.9434385
121,UNK,0.9564101
122,UNK,0.9702467
123,UNK,1.0613751
124,UNK,1.1372492
125,UNK,1.1960754
126,UNK,1.2226148
127,UNK,1.207908
128,UNK,1.2198505
129,UNK,1.2729483
130,UNK,1.2635779
131,UNK,1.299266
132,UNK,1.2901845
133,UNK,1.3683882
134,UNK,1.440167
135,UNK,1.5077599
136,UNK,1.5196148
137,UNK,1.5661021
138,UNK,1.5884837
139,UNK,1.6334455
140,UNK,1.645435
141,UNK,1.7136722
