resid,resname,rmsf
1,UNK,1.259606
2,UNK,1.1496333
3,UNK,1.0656964
4,UNK,1.0095987
5,UNK,0.92409766
6,UNK,0.8397424
7,UNK,0.79635257
8,UNK,0.8478425
9,UNK,0.8114095
10,UNK,0.84399307
11,UNK,0.815539
12,UNK,0.7192808
13,UNK,0.7275262
14,UNK,0.75460786
15,UNK,0.6905713
16,UNK,0.6099136
17,UNK,0.5392346
18,UNK,0.5349056
19,UNK,0.5446242
20,UNK,0.55749273
21,UNK,0.5812354
22,UNK,0.5441207
23,UNK,0.51088005
24,UNK,0.585862
25,UNK,0.5874274
26,UNK,0.62913597
27,UNK,0.62979895
28,UNK,0.5512997
29,UNK,0.5230036
30,UNK,0.58255494
31,UNK,0.5909824
32,UNK,0.5385344
33,UNK,0.5623147
34,UNK,0.6509695
35,UNK,0.71979696
36,UNK,0.7476798
37,UNK,0.7169459
38,UNK,0.6390736
39,UNK,0.54260236
40,UNK,0.47990575
41,UNK,0.49571595
42,UNK,0.4887641
43,UNK,0.542969
44,UNK,0.5899692
45,UNK,0.6099203
46,UNK,0.72170895
47,UNK,0.85495263
48,UNK,0.982966
49,UNK,0.9320625
50,UNK,0.94619083
51,UNK,0.7767054
52,UNK,0.8146864
53,UNK,0.82747483
54,UNK,0.7688106
55,UNK,0.7179325
56,UNK,0.7218804
57,UNK,0.7738352
58,UNK,0.8006198
59,UNK,0.7942222
60,UNK,0.8480732
61,UNK,0.93013453
62,UNK,0.9401389
63,UNK,0.90426713
64,UNK,0.84824914
65,UNK,0.8139386
66,UNK,0.82672054
67,UNK,0.83421403
68,UNK,0.79704666
69,UNK,0.7424242
70,UNK,0.754189
71,UNK,0.7345387
72,UNK,0.74551594
73,UNK,0.80957466
74,UNK,0.8279248
75,UNK,0.87275445
76,UNK,0.8872981
77,UNK,0.87366796
78,UNK,0.9039835
79,UNK,0.9047156
80,UNK,0.90257466
81,UNK,0.91595954
82,UNK,0.9462642
83,UNK,0.92702895
84,UNK,0.871568
85,UNK,0.84391266
86,UNK,0.856834
87,UNK,0.85860115
88,UNK,0.8393531
89,UNK,0.86334497
90,UNK,0.73858666
91,UNK,0.7073543
92,UNK,0.6609183
93,UNK,0.6780281
94,UNK,0.73948693
95,UNK,0.87122756
96,UNK,0.9177213
97,UNK,0.9955793
98,UNK,1.0805844
99,UNK,1.0923703
100,UNK,0.98528916
101,UNK,0.83237195
102,UNK,0.8369479
103,UNK,0.7975273
104,UNK,0.84801006
105,UNK,0.8722696
106,UNK,0.81253016
107,UNK,0.82156765
108,UNK,0.8011287
109,UNK,0.86588836
110,UNK,0.89350957
111,UNK,0.8641873
112,UNK,0.73080945
113,UNK,0.66535413
114,UNK,0.5869684
115,UNK,0.6030213
116,UNK,0.6121603
117,UNK,0.64585763
118,UNK,0.75352305
119,UNK,0.7945057
120,UNK,0.81880593
121,UNK,0.8302148
122,UNK,0.8313795
123,UNK,0.9203448
124,UNK,1.0068375
125,UNK,1.0372523
126,UNK,1.064045
127,UNK,1.0813404
128,UNK,1.0967382
129,UNK,1.1622733
130,UNK,1.1717787
131,UNK,1.2224697
132,UNK,1.2665462
133,UNK,1.3745956
134,UNK,1.4849455
135,UNK,1.5478666
136,UNK,1.5537388
137,UNK,1.5938804
138,UNK,1.652347
139,UNK,1.699182
140,UNK,1.7308836
141,UNK,1.8192225
